{"cameraMode":{"drawMode":0,"name":"Shaded","section":"Shading Mode"},"sceneLighting":false,"audioPlay":false,"sceneViewState":{"m_AlwaysRefresh":false,"showFog":true,"showSkybox":false,"showFlares":true,"showImageEffects":true,"showParticleSystems":true,"showVisualEffectGraphs":true,"m_FxEnabled":true},"in2DMode":false,"pivot":{"x":0.20885884761810304,"y":-0.019936829805374147,"z":-0.31382182240486147},"rotation":{"x":-0.057281870394945148,"y":-0.01917819306254387,"z":0.0009051081142388284,"w":-0.9983367919921875},"size":1.3258774280548096,"orthographic":false}