{"cameraMode":{"drawMode":0,"name":"Shaded","section":"Shading Mode"},"sceneLighting":false,"audioPlay":false,"sceneViewState":{"m_AlwaysRefresh":false,"showFog":true,"showSkybox":true,"showFlares":true,"showImageEffects":true,"showParticleSystems":true,"showVisualEffectGraphs":true,"m_FxEnabled":true},"in2DMode":false,"pivot":{"x":247.18714904785157,"y":158.79261779785157,"z":4.943756103515625},"rotation":{"x":0.1364040970802307,"y":-0.011314384639263153,"z":0.0014028068399056793,"w":0.9907873868942261},"size":167.10658264160157,"orthographic":false}