{"cameraMode":{"drawMode":0,"name":"Shaded","section":"Shading Mode"},"sceneLighting":false,"audioPlay":false,"sceneViewState":{"m_AlwaysRefresh":false,"showFog":true,"showSkybox":false,"showFlares":true,"showImageEffects":true,"showParticleSystems":true,"showVisualEffectGraphs":true,"m_FxEnabled":true},"in2DMode":false,"pivot":{"x":-0.0037392377853393556,"y":-0.0021628141403198244,"z":-0.015594720840454102},"rotation":{"x":-0.057281870394945148,"y":-0.01917819306254387,"z":0.0009051081142388284,"w":-0.9983367919921875},"size":3.0139095783233644,"orthographic":false}