{"cameraMode":{"drawMode":0,"name":"Shaded","section":"Shading Mode"},"sceneLighting":false,"audioPlay":false,"sceneViewState":{"m_AlwaysRefresh":false,"showFog":true,"showSkybox":false,"showFlares":true,"showImageEffects":true,"showParticleSystems":true,"showVisualEffectGraphs":true,"m_FxEnabled":true},"in2DMode":false,"pivot":{"x":-0.367315411567688,"y":-0.05233955383300781,"z":-0.31382203102111819},"rotation":{"x":-0.057281870394945148,"y":-0.01917819306254387,"z":0.0009051081142388284,"w":-0.9983367919921875},"size":2.430562973022461,"orthographic":false}